name,description,,
Bondox street,Manzi Asifiwe Elyse,,
Benue Annex street,Benue Annex street,,
Merlin Street,The Merlin street,,
,,,
,,,
,,,
,,,
,,,
,,,
,,,
,,,
,,,
,,,
,,,
,,,
,,,
,,,
,,,
,,,
,,,
,,,
,,,
,,,
,,,
,,,
,,,
,,,
,,,
,,,
,,,
,,,
,,,
,,,
,,,
,,,
,,,
,,,
,,,
,,,
,,,
,,,
,,,
,,,
,,,
,,,
,,,
,,,
,,,
,,,
,,,
,,,
,,,
,,,
,,,
,,,
,,,
,,,
,,,
,,,
,,,
,,,
,,,
,,,
,,,
,,,Open to work
,,,Open to work
,,,
,,,Open to work
,,,Open to work
,,,Open to work
,,,
,,,
,,,
,,,
,,,
,,,
,,,
,,,
,,,
,,,Open to work